"INDICATOR","HLTHRES_228"

"HLTHRES_228","Психиатрические койки, Всего"

"UNIT_TYPE","Единица"
"NUM_BEDS","количество спальных мест"

"EXTERNID","Идентификатор в источнике данных"

"DATA_SOURCE","Источник данных"
"HLTHRES","Европейская база данных кадровых и технических ресурсов здравоохранения (HlthRes-DB)"

"DATA_TYPE_REPRESENTATION","Представление типов данных"
"COUNT","Подсчет"

"DATA_SET","Набор данных"
"HLTHRES","Европейская база данных кадровых и технических ресурсов здравоохранения (HlthRes-DB) "

"DATA_MASK","Маска для контроля формата выходных значений"

"CARE_TYPE","Кровати по видам медицинской помощи в больницах"
"ALL","Все типы уход"
"CURATIVE","Лечебное (интенсивный) уход"
"PSYCHIATRIC","Психиатрическая помощь"
"LONG_TERM","Длительный уход"
"OTHER","Другие типы ухода"

"COUNTRY","COUNTRY_GRP","CARE_TYPE","YEAR","VALUE"
"ALB","","PSYCHIATRIC","1988","1273"
"ALB","","PSYCHIATRIC","1989","1201"
"ALB","","PSYCHIATRIC","1990","1269"
"ALB","","PSYCHIATRIC","1991","1299"
"ALB","","PSYCHIATRIC","1992","1302"
"ALB","","PSYCHIATRIC","1993","1021"
"ALB","","PSYCHIATRIC","1994","997"
"ALB","","PSYCHIATRIC","1995","977"
"ALB","","PSYCHIATRIC","1996","977"
"ALB","","PSYCHIATRIC","1997","938"
"ALB","","PSYCHIATRIC","1998","910"
"ALB","","PSYCHIATRIC","1999","935"
"ALB","","PSYCHIATRIC","2000","915"
"ALB","","PSYCHIATRIC","2001","910"
"ALB","","PSYCHIATRIC","2002","910"
"ALB","","PSYCHIATRIC","2003","795"
"ALB","","PSYCHIATRIC","2004","795"
"ALB","","PSYCHIATRIC","2005","795"
"ALB","","PSYCHIATRIC","2006","795"
"ALB","","PSYCHIATRIC","2007","727"
"ALB","","PSYCHIATRIC","2009","692"
"ALB","","PSYCHIATRIC","2010","692"
"ALB","","PSYCHIATRIC","2011","692"
"ALB","","PSYCHIATRIC","2012","745"
"ALB","","PSYCHIATRIC","2013","745"
"AND","","PSYCHIATRIC","2001","12"
"AND","","PSYCHIATRIC","2002","12"
"AND","","PSYCHIATRIC","2003","12"
"AND","","PSYCHIATRIC","2004","12"
"AND","","PSYCHIATRIC","2005","12"
"AND","","PSYCHIATRIC","2006","12"
"AND","","PSYCHIATRIC","2007","12"
"AND","","PSYCHIATRIC","2009","12"
"ARM","","PSYCHIATRIC","1980","2965"
"ARM","","PSYCHIATRIC","1981","2965"
"ARM","","PSYCHIATRIC","1982","2960"
"ARM","","PSYCHIATRIC","1983","2960"
"ARM","","PSYCHIATRIC","1984","3050"
"ARM","","PSYCHIATRIC","1985","2530"
"ARM","","PSYCHIATRIC","1986","2615"
"ARM","","PSYCHIATRIC","1987","2435"
"ARM","","PSYCHIATRIC","1988","2075"
"ARM","","PSYCHIATRIC","1989","2140"
"ARM","","PSYCHIATRIC","1990","2180"
"ARM","","PSYCHIATRIC","1991","2280"
"ARM","","PSYCHIATRIC","1992","2300"
"ARM","","PSYCHIATRIC","1993","2380"
"ARM","","PSYCHIATRIC","1994","2050"
"ARM","","PSYCHIATRIC","1995","2085"
"ARM","","PSYCHIATRIC","1996","1750"
"ARM","","PSYCHIATRIC","1997","1755"
"ARM","","PSYCHIATRIC","1998","1810"
"ARM","","PSYCHIATRIC","1999","1795"
"ARM","","PSYCHIATRIC","2000","1605"
"ARM","","PSYCHIATRIC","2001","1525"
"ARM","","PSYCHIATRIC","2002","1280"
"ARM","","PSYCHIATRIC","2003","1370"
"ARM","","PSYCHIATRIC","2004","1320"
"ARM","","PSYCHIATRIC","2005","1490"
"ARM","","PSYCHIATRIC","2006","1460"
"ARM","","PSYCHIATRIC","2007","1465"
"ARM","","PSYCHIATRIC","2008","1463"
"ARM","","PSYCHIATRIC","2009","1463"
"ARM","","PSYCHIATRIC","2010","1463"
"ARM","","PSYCHIATRIC","2011","1463"
"ARM","","PSYCHIATRIC","2012","1468"
"ARM","","PSYCHIATRIC","2013","1493"
"AUT","","PSYCHIATRIC","1988","6982"
"AUT","","PSYCHIATRIC","1989","6782"
"AUT","","PSYCHIATRIC","1990","6687"
"AUT","","PSYCHIATRIC","1991","6604"
"AUT","","PSYCHIATRIC","1992","6257"
"AUT","","PSYCHIATRIC","1993","6128"
"AUT","","PSYCHIATRIC","1994","5870"
"AUT","","PSYCHIATRIC","1995","5494"
"AUT","","PSYCHIATRIC","1996","5028"
"AUT","","PSYCHIATRIC","1997","4769"
"AUT","","PSYCHIATRIC","1998","4547"
"AUT","","PSYCHIATRIC","1999","4262"
"AUT","","PSYCHIATRIC","2000","4737"
"AUT","","PSYCHIATRIC","2001","4598"
"AUT","","PSYCHIATRIC","2002","4547"
"AUT","","PSYCHIATRIC","2003","4611"
"AUT","","PSYCHIATRIC","2004","4774"
"AUT","","PSYCHIATRIC","2005","4920"
"AUT","","PSYCHIATRIC","2006","5014"
"AUT","","PSYCHIATRIC","2007","5239"
"AUT","","PSYCHIATRIC","2008","5022"
"AUT","","PSYCHIATRIC","2009","5023"
"AUT","","PSYCHIATRIC","2010","5063"
"AUT","","PSYCHIATRIC","2011","5048"
"AUT","","PSYCHIATRIC","2012","5026"
"AUT","","PSYCHIATRIC","2013","5054"
"AZE","","PSYCHIATRIC","1980","4484"
"AZE","","PSYCHIATRIC","1985","5014"
"AZE","","PSYCHIATRIC","1986","5014"
"AZE","","PSYCHIATRIC","1987","5205"
"AZE","","PSYCHIATRIC","1988","5365"
"AZE","","PSYCHIATRIC","1989","5375"
"AZE","","PSYCHIATRIC","1990","5375"
"AZE","","PSYCHIATRIC","1991","5055"
"AZE","","PSYCHIATRIC","1992","4985"
"AZE","","PSYCHIATRIC","1993","4805"
"AZE","","PSYCHIATRIC","1994","4415"
"AZE","","PSYCHIATRIC","1995","4565"
"AZE","","PSYCHIATRIC","1996","4165"
"AZE","","PSYCHIATRIC","1997","3885"
"AZE","","PSYCHIATRIC","1998","4105"
"AZE","","PSYCHIATRIC","1999","4035"
"AZE","","PSYCHIATRIC","2000","3885"
"AZE","","PSYCHIATRIC","2001","4035"
"AZE","","PSYCHIATRIC","2002","3903"
"AZE","","PSYCHIATRIC","2003","3745"
"AZE","","PSYCHIATRIC","2004","4115"
"AZE","","PSYCHIATRIC","2005","4115"
"AZE","","PSYCHIATRIC","2006","4135"
"AZE","","PSYCHIATRIC","2007","4141"
"AZE","","PSYCHIATRIC","2008","4139"
"AZE","","PSYCHIATRIC","2009","3932"
"AZE","","PSYCHIATRIC","2010","3455"
"AZE","","PSYCHIATRIC","2011","3243"
"AZE","","PSYCHIATRIC","2012","3204"
"AZE","","PSYCHIATRIC","2013","3181"
"BEL","","PSYCHIATRIC","1970","26553"
"BEL","","PSYCHIATRIC","1980","24182"
"BEL","","PSYCHIATRIC","1985","21870"
"BEL","","PSYCHIATRIC","1986","21190"
"BEL","","PSYCHIATRIC","1987","21210"
"BEL","","PSYCHIATRIC","1988","21020"
"BEL","","PSYCHIATRIC","1989","20720"
"BEL","","PSYCHIATRIC","1990","19005"
"BEL","","PSYCHIATRIC","1991","19953"
"BEL","","PSYCHIATRIC","1992","20822"
"BEL","","PSYCHIATRIC","1993","20777"
"BEL","","PSYCHIATRIC","1994","20179"
"BEL","","PSYCHIATRIC","1995","19785"
"BEL","","PSYCHIATRIC","1996","26159"
"BEL","","PSYCHIATRIC","1997","26378"
"BEL","","PSYCHIATRIC","1998","26463"
"BEL","","PSYCHIATRIC","1999","26498"
"BEL","","PSYCHIATRIC","2000","26567"
"BEL","","PSYCHIATRIC","2001","25944"
"BEL","","PSYCHIATRIC","2002","25672"
"BEL","","PSYCHIATRIC","2003","25686"
"BEL","","PSYCHIATRIC","2004","25840"
"BEL","","PSYCHIATRIC","2005","26201"
"BEL","","PSYCHIATRIC","2006","19259"
"BEL","","PSYCHIATRIC","2007","19138"
"BEL","","PSYCHIATRIC","2008","19236"
"BEL","","PSYCHIATRIC","2009","19274"
"BEL","","PSYCHIATRIC","2010","19297"
"BEL","","PSYCHIATRIC","2011","19317"
"BEL","","PSYCHIATRIC","2012","19394"
"BEL","","PSYCHIATRIC","2013","19447"
"BEL","","PSYCHIATRIC","2014","19483"
"BIH","","PSYCHIATRIC","2000","1634"
"BIH","","PSYCHIATRIC","2001","1718"
"BIH","","PSYCHIATRIC","2002","1639"
"BIH","","PSYCHIATRIC","2003","1667"
"BIH","","PSYCHIATRIC","2004","1487"
"BIH","","PSYCHIATRIC","2005","1542"
"BIH","","PSYCHIATRIC","2006","1417"
"BIH","","PSYCHIATRIC","2007","1531"
"BIH","","PSYCHIATRIC","2008","1551"
"BIH","","PSYCHIATRIC","2009","1580"
"BIH","","PSYCHIATRIC","2010","1532"
"BIH","","PSYCHIATRIC","2011","1482"
"BIH","","PSYCHIATRIC","2012","1532"
"BIH","","PSYCHIATRIC","2013","1532"
"BLR","","PSYCHIATRIC","1980","12995"
"BLR","","PSYCHIATRIC","1985","12310"
"BLR","","PSYCHIATRIC","1986","12200"
"BLR","","PSYCHIATRIC","1987","12135"
"BLR","","PSYCHIATRIC","1988","12345"
"BLR","","PSYCHIATRIC","1989","12100"
"BLR","","PSYCHIATRIC","1990","11370"
"BLR","","PSYCHIATRIC","1991","10810"
"BLR","","PSYCHIATRIC","1992","10621"
"BLR","","PSYCHIATRIC","1993","10250"
"BLR","","PSYCHIATRIC","1994","10314"
"BLR","","PSYCHIATRIC","1995","10345"
"BLR","","PSYCHIATRIC","1996","10164"
"BLR","","PSYCHIATRIC","1997","10220"
"BLR","","PSYCHIATRIC","1998","10245"
"BLR","","PSYCHIATRIC","1999","10245"
"BLR","","PSYCHIATRIC","2000","10024"
"BLR","","PSYCHIATRIC","2001","9905"
"BLR","","PSYCHIATRIC","2002","8918"
"BLR","","PSYCHIATRIC","2003","7868"
"BLR","","PSYCHIATRIC","2004","7225"
"BLR","","PSYCHIATRIC","2005","6985"
"BLR","","PSYCHIATRIC","2006","6815"
"BLR","","PSYCHIATRIC","2007","6785"
"BLR","","PSYCHIATRIC","2008","6695"
"BLR","","PSYCHIATRIC","2009","6640"
"BLR","","PSYCHIATRIC","2010","6605"
"BLR","","PSYCHIATRIC","2011","6550"
"BLR","","PSYCHIATRIC","2012","6500"
"BLR","","PSYCHIATRIC","2013","6470"
"BGR","","PSYCHIATRIC","1970","4889"
"BGR","","PSYCHIATRIC","1980","7332"
"BGR","","PSYCHIATRIC","1981","7504"
"BGR","","PSYCHIATRIC","1982","7641"
"BGR","","PSYCHIATRIC","1983","7628"
"BGR","","PSYCHIATRIC","1984","7611"
"BGR","","PSYCHIATRIC","1985","7677"
"BGR","","PSYCHIATRIC","1986","7737"
"BGR","","PSYCHIATRIC","1987","7857"
"BGR","","PSYCHIATRIC","1988","7723"
"BGR","","PSYCHIATRIC","1989","7857"
"BGR","","PSYCHIATRIC","1990","8042"
"BGR","","PSYCHIATRIC","1991","7899"
"BGR","","PSYCHIATRIC","1992","7660"
"BGR","","PSYCHIATRIC","1993","7935"
"BGR","","PSYCHIATRIC","1994","8102"
"BGR","","PSYCHIATRIC","1995","7478"
"BGR","","PSYCHIATRIC","1996","7342"
"BGR","","PSYCHIATRIC","1997","7372"
"BGR","","PSYCHIATRIC","1998","5989"
"BGR","","PSYCHIATRIC","1999","5325"
"BGR","","PSYCHIATRIC","2000","5223"
"BGR","","PSYCHIATRIC","2001","5611"
"BGR","","PSYCHIATRIC","2002","5149"
"BGR","","PSYCHIATRIC","2003","5022"
"BGR","","PSYCHIATRIC","2004","5021"
"BGR","","PSYCHIATRIC","2005","5245"
"BGR","","PSYCHIATRIC","2006","5150"
"BGR","","PSYCHIATRIC","2007","5138"
"BGR","","PSYCHIATRIC","2008","5120"
"BGR","","PSYCHIATRIC","2009","5179"
"BGR","","PSYCHIATRIC","2010","4888"
"BGR","","PSYCHIATRIC","2011","4614"
"BGR","","PSYCHIATRIC","2012","4665"
"BGR","","PSYCHIATRIC","2013","4792"
"","CARINFONET","PSYCHIATRIC","1980","30740"
"","CARINFONET","PSYCHIATRIC","1981","31307"
"","CARINFONET","PSYCHIATRIC","1982","32019"
"","CARINFONET","PSYCHIATRIC","1983","32641"
"","CARINFONET","PSYCHIATRIC","1984","33208"
"","CARINFONET","PSYCHIATRIC","1985","33585"
"","CARINFONET","PSYCHIATRIC","1986","34095"
"","CARINFONET","PSYCHIATRIC","1987","34520"
"","CARINFONET","PSYCHIATRIC","1988","35045"
"","CARINFONET","PSYCHIATRIC","1989","37163"
"","CARINFONET","PSYCHIATRIC","1990","37463"
"","CARINFONET","PSYCHIATRIC","1991","38258"
"","CARINFONET","PSYCHIATRIC","1992","37331"
"","CARINFONET","PSYCHIATRIC","1993","34966"
"","CARINFONET","PSYCHIATRIC","1994","32362"
"","CARINFONET","PSYCHIATRIC","1995","29928"
"","CARINFONET","PSYCHIATRIC","1996","27572"
"","CARINFONET","PSYCHIATRIC","1997","26247"
"","CARINFONET","PSYCHIATRIC","1998","24202"
"","CARINFONET","PSYCHIATRIC","1999","23894"
"","CARINFONET","PSYCHIATRIC","2000","23893"
"","CARINFONET","PSYCHIATRIC","2001","23305"
"","CARINFONET","PSYCHIATRIC","2002","23214"
"","CARINFONET","PSYCHIATRIC","2003","23316"
"","CARINFONET","PSYCHIATRIC","2004","22942"
"","CARINFONET","PSYCHIATRIC","2005","23277"
"","CARINFONET","PSYCHIATRIC","2006","23050"
"","CARINFONET","PSYCHIATRIC","2007","22870"
"","CARINFONET","PSYCHIATRIC","2008","22934"
"","CARINFONET","PSYCHIATRIC","2009","22303"
"","CARINFONET","PSYCHIATRIC","2010","21858"
"","CARINFONET","PSYCHIATRIC","2011","21765"
"","CARINFONET","PSYCHIATRIC","2012","21505"
"","CARINFONET","PSYCHIATRIC","2013","21387"
"","CIS","PSYCHIATRIC","1986","319912"
"","CIS","PSYCHIATRIC","1987","320853"
"","CIS","PSYCHIATRIC","1988","321782"
"","CIS","PSYCHIATRIC","1989","325350"
"","CIS","PSYCHIATRIC","1990","324782"
"","CIS","PSYCHIATRIC","1991","323191"
"","CIS","PSYCHIATRIC","1992","320165"
"","CIS","PSYCHIATRIC","1993","313149"
"","CIS","PSYCHIATRIC","1994","306040"
"","CIS","PSYCHIATRIC","1995","300565"
"","CIS","PSYCHIATRIC","1996","288115"
"","CIS","PSYCHIATRIC","1997","278075"
"","CIS","PSYCHIATRIC","1998","273145"
"","CIS","PSYCHIATRIC","1999","265780"
"","CIS","PSYCHIATRIC","2000","268343"
"","CIS","PSYCHIATRIC","2001","265160"
"","CIS","PSYCHIATRIC","2002","260553"
"","CIS","PSYCHIATRIC","2003","256995"
"","CIS","PSYCHIATRIC","2004","253136"
"","CIS","PSYCHIATRIC","2005","250438"
"","CIS","PSYCHIATRIC","2006","247913"
"","CIS","PSYCHIATRIC","2007","244132"
"","CIS","PSYCHIATRIC","2008","242702"
"","CIS","PSYCHIATRIC","2009","244736"
"","CIS","PSYCHIATRIC","2010","235785"
"","CIS","PSYCHIATRIC","2011","231080"
"","CIS","PSYCHIATRIC","2012","226979"
"","CIS","PSYCHIATRIC","2013","222792"
"HRV","","PSYCHIATRIC","1993","4911"
"HRV","","PSYCHIATRIC","1994","4788"
"HRV","","PSYCHIATRIC","1995","4808"
"HRV","","PSYCHIATRIC","1996","4792"
"HRV","","PSYCHIATRIC","1997","4723"
"HRV","","PSYCHIATRIC","1998","4549"
"HRV","","PSYCHIATRIC","1999","4564"
"HRV","","PSYCHIATRIC","2000","4565"
"HRV","","PSYCHIATRIC","2001","4559"
"HRV","","PSYCHIATRIC","2002","4464"
"HRV","","PSYCHIATRIC","2003","4242"
"HRV","","PSYCHIATRIC","2004","4185"
"HRV","","PSYCHIATRIC","2005","4196"
"HRV","","PSYCHIATRIC","2006","4133"
"HRV","","PSYCHIATRIC","2007","4275"
"HRV","","PSYCHIATRIC","2008","4212"
"HRV","","PSYCHIATRIC","2009","4192"
"HRV","","PSYCHIATRIC","2010","4288"
"HRV","","PSYCHIATRIC","2011","4153"
"HRV","","PSYCHIATRIC","2012","4296"
"HRV","","PSYCHIATRIC","2013","4169"
"CYP","","PSYCHIATRIC","1970","706"
"CYP","","PSYCHIATRIC","1980","918"
"CYP","","PSYCHIATRIC","1981","918"
"CYP","","PSYCHIATRIC","1982","866"
"CYP","","PSYCHIATRIC","1983","871"
"CYP","","PSYCHIATRIC","1984","871"
"CYP","","PSYCHIATRIC","1985","842"
"CYP","","PSYCHIATRIC","1986","839"
"CYP","","PSYCHIATRIC","1987","839"
"CYP","","PSYCHIATRIC","1988","839"
"CYP","","PSYCHIATRIC","1989","840"
"CYP","","PSYCHIATRIC","1990","840"
"CYP","","PSYCHIATRIC","1991","745"
"CYP","","PSYCHIATRIC","1992","703"
"CYP","","PSYCHIATRIC","1993","666"
"CYP","","PSYCHIATRIC","1994","624"
"CYP","","PSYCHIATRIC","1995","624"
"CYP","","PSYCHIATRIC","1996","576"
"CYP","","PSYCHIATRIC","1997","408"
"CYP","","PSYCHIATRIC","1998","376"
"CYP","","PSYCHIATRIC","1999","376"
"CYP","","PSYCHIATRIC","2000","351"
"CYP","","PSYCHIATRIC","2001","266"
"CYP","","PSYCHIATRIC","2002","266"
"CYP","","PSYCHIATRIC","2003","232"
"CYP","","PSYCHIATRIC","2004","229"
"CYP","","PSYCHIATRIC","2005","232"
"CYP","","PSYCHIATRIC","2006","206"
"CYP","","PSYCHIATRIC","2007","206"
"CYP","","PSYCHIATRIC","2008","206"
"CYP","","PSYCHIATRIC","2009","206"
"CYP","","PSYCHIATRIC","2010","189"
"CYP","","PSYCHIATRIC","2011","182"
"CYP","","PSYCHIATRIC","2012","190"
"CYP","","PSYCHIATRIC","2013","186"
"CZE","","PSYCHIATRIC","1980","15224"
"CZE","","PSYCHIATRIC","1985","15270"
"CZE","","PSYCHIATRIC","1990","14510"
"CZE","","PSYCHIATRIC","1995","11814"
"CZE","","PSYCHIATRIC","1996","11752"
"CZE","","PSYCHIATRIC","1997","11758"
"CZE","","PSYCHIATRIC","1998","11662"
"CZE","","PSYCHIATRIC","1999","11605"
"CZE","","PSYCHIATRIC","2000","11609"
"CZE","","PSYCHIATRIC","2001","11693"
"CZE","","PSYCHIATRIC","2002","11591"
"CZE","","PSYCHIATRIC","2003","11494"
"CZE","","PSYCHIATRIC","2004","11452"
"CZE","","PSYCHIATRIC","2005","11297"
"CZE","","PSYCHIATRIC","2006","11182"
"CZE","","PSYCHIATRIC","2007","11046"
"CZE","","PSYCHIATRIC","2008","10936"
"CZE","","PSYCHIATRIC","2009","10850"
"CZE","","PSYCHIATRIC","2010","10692"
"CZE","","PSYCHIATRIC","2011","10582"
"CZE","","PSYCHIATRIC","2012","10357"
"CZE","","PSYCHIATRIC","2013","10123"
"DNK","","PSYCHIATRIC","1972","10870"
"DNK","","PSYCHIATRIC","1973","10792"
"DNK","","PSYCHIATRIC","1974","10673"
"DNK","","PSYCHIATRIC","1975","10648"
"DNK","","PSYCHIATRIC","1976","10620"
"DNK","","PSYCHIATRIC","1977","10070"
"DNK","","PSYCHIATRIC","1978","9648"
"DNK","","PSYCHIATRIC","1979","9547"
"DNK","","PSYCHIATRIC","1980","9352"
"DNK","","PSYCHIATRIC","1981","8965"
"DNK","","PSYCHIATRIC","1982","8744"
"DNK","","PSYCHIATRIC","1983","9405"
"DNK","","PSYCHIATRIC","1984","9117"
"DNK","","PSYCHIATRIC","1985","8915"
"DNK","","PSYCHIATRIC","1986","8743"
"DNK","","PSYCHIATRIC","1987","5893"
"DNK","","PSYCHIATRIC","1988","5639"
"DNK","","PSYCHIATRIC","1989","5202"
"DNK","","PSYCHIATRIC","1990","4906"
"DNK","","PSYCHIATRIC","1991","4732"
"DNK","","PSYCHIATRIC","1992","4338"
"DNK","","PSYCHIATRIC","1993","4252"
"DNK","","PSYCHIATRIC","1994","4259"
"DNK","","PSYCHIATRIC","1995","4204"
"DNK","","PSYCHIATRIC","1996","4209"
"DNK","","PSYCHIATRIC","1997","4214"
"DNK","","PSYCHIATRIC","1998","4177"
"DNK","","PSYCHIATRIC","1999","4198"
"DNK","","PSYCHIATRIC","2000","4044"
"DNK","","PSYCHIATRIC","2001","4031"
"DNK","","PSYCHIATRIC","2002","3965"
"DNK","","PSYCHIATRIC","2003","3843"
"DNK","","PSYCHIATRIC","2004","3647"
"DNK","","PSYCHIATRIC","2005","3541"
"DNK","","PSYCHIATRIC","2006","3422"
"DNK","","PSYCHIATRIC","2007","3351"
"DNK","","PSYCHIATRIC","2008","3212"
"DNK","","PSYCHIATRIC","2009","3191"
"DNK","","PSYCHIATRIC","2010","3164"
"DNK","","PSYCHIATRIC","2011","2967"
"DNK","","PSYCHIATRIC","2013","3020"
"DEU","","PSYCHIATRIC","1991","94825"
"DEU","","PSYCHIATRIC","1992","85188"
"DEU","","PSYCHIATRIC","1993","76590"
"DEU","","PSYCHIATRIC","1994","73680"
"DEU","","PSYCHIATRIC","1995","71309"
"DEU","","PSYCHIATRIC","1996","67056"
"DEU","","PSYCHIATRIC","1997","64949"
"DEU","","PSYCHIATRIC","1998","63738"
"DEU","","PSYCHIATRIC","1999","62985"
"DEU","","PSYCHIATRIC","2000","62505"
"DEU","","PSYCHIATRIC","2001","62065"
"DEU","","PSYCHIATRIC","2002","61562"
"DEU","","PSYCHIATRIC","2003","61940"
"DEU","","PSYCHIATRIC","2004","62268"
"DEU","","PSYCHIATRIC","2005","62976"
"DEU","","PSYCHIATRIC","2006","63482"
"DEU","","PSYCHIATRIC","2007","64136"
"DEU","","PSYCHIATRIC","2008","64457"
"DEU","","PSYCHIATRIC","2009","65478"
"DEU","","PSYCHIATRIC","2010","66795"
"DEU","","PSYCHIATRIC","2011","67942"
"DEU","","PSYCHIATRIC","2012","68869"
"DEU","","PSYCHIATRIC","2013","70053"
"EST","","PSYCHIATRIC","1980","2420"
"EST","","PSYCHIATRIC","1985","2855"
"EST","","PSYCHIATRIC","1986","2885"
"EST","","PSYCHIATRIC","1987","2905"
"EST","","PSYCHIATRIC","1988","3080"
"EST","","PSYCHIATRIC","1989","2993"
"EST","","PSYCHIATRIC","1990","2916"
"EST","","PSYCHIATRIC","1991","2875"
"EST","","PSYCHIATRIC","1992","2127"
"EST","","PSYCHIATRIC","1993","2107"
"EST","","PSYCHIATRIC","1994","1585"
"EST","","PSYCHIATRIC","1995","1527"
"EST","","PSYCHIATRIC","1996","1413"
"EST","","PSYCHIATRIC","1997","1361"
"EST","","PSYCHIATRIC","1998","1235"
"EST","","PSYCHIATRIC","1999","1128"
"EST","","PSYCHIATRIC","2000","1083"
"EST","","PSYCHIATRIC","2001","933"
"EST","","PSYCHIATRIC","2002","882"
"EST","","PSYCHIATRIC","2003","765"
"EST","","PSYCHIATRIC","2004","681"
"EST","","PSYCHIATRIC","2005","723"
"EST","","PSYCHIATRIC","2006","743"
"EST","","PSYCHIATRIC","2007","742"
"EST","","PSYCHIATRIC","2008","744"
"EST","","PSYCHIATRIC","2009","721"
"EST","","PSYCHIATRIC","2010","712"
"EST","","PSYCHIATRIC","2011","717"
"EST","","PSYCHIATRIC","2012","712"
"EST","","PSYCHIATRIC","2013","733"
"","EU_AFTER_MAY2004","PSYCHIATRIC","2003","89758"
"","EU_AFTER_MAY2004","PSYCHIATRIC","2004","88119"
"","EU_AFTER_MAY2004","PSYCHIATRIC","2005","87240"
"","EU_AFTER_MAY2004","PSYCHIATRIC","2006","87291"
"","EU_AFTER_MAY2004","PSYCHIATRIC","2007","86233"
"","EU_AFTER_MAY2004","PSYCHIATRIC","2008","84742"
"","EU_AFTER_MAY2004","PSYCHIATRIC","2009","84193"
"","EU_AFTER_MAY2004","PSYCHIATRIC","2010","82578"
"","EU_AFTER_MAY2004","PSYCHIATRIC","2011","81945"
"","EU_AFTER_MAY2004","PSYCHIATRIC","2012","81696"
"","EU_AFTER_MAY2004","PSYCHIATRIC","2013","81675"
"","EU_BEFORE_MAY2004","PSYCHIATRIC","2004","283666"
"","EU_BEFORE_MAY2004","PSYCHIATRIC","2005","281397"
"","EU_BEFORE_MAY2004","PSYCHIATRIC","2006","271306"
"","EU_BEFORE_MAY2004","PSYCHIATRIC","2007","266618"
"","EU_BEFORE_MAY2004","PSYCHIATRIC","2008","264608"
"","EU_BEFORE_MAY2004","PSYCHIATRIC","2009","263344"
"","EU_MEMBERS","PSYCHIATRIC","2004","371785"
"","EU_MEMBERS","PSYCHIATRIC","2005","368637"
"","EU_MEMBERS","PSYCHIATRIC","2006","358597"
"","EU_MEMBERS","PSYCHIATRIC","2007","352851"
"","EU_MEMBERS","PSYCHIATRIC","2008","349350"
"","EU_MEMBERS","PSYCHIATRIC","2009","347537"
"FIN","","PSYCHIATRIC","1970","19628"
"FIN","","PSYCHIATRIC","1993","7278"
"FIN","","PSYCHIATRIC","1994","6886"
"FIN","","PSYCHIATRIC","1995","6531"
"FIN","","PSYCHIATRIC","1996","6247"
"FIN","","PSYCHIATRIC","1997","5850"
"FIN","","PSYCHIATRIC","1998","5613"
"FIN","","PSYCHIATRIC","1999","5479"
"FIN","","PSYCHIATRIC","2000","5331.45"
"FIN","","PSYCHIATRIC","2001","5238.27"
"FIN","","PSYCHIATRIC","2002","5255.19"
"FIN","","PSYCHIATRIC","2003","5113.74"
"FIN","","PSYCHIATRIC","2004","5053.17"
"FIN","","PSYCHIATRIC","2005","4896.5"
"FIN","","PSYCHIATRIC","2006","4857.78"
"FIN","","PSYCHIATRIC","2007","4675.08"
"FIN","","PSYCHIATRIC","2008","4519.18"
"FIN","","PSYCHIATRIC","2009","4294.82"
"FIN","","PSYCHIATRIC","2010","4036.11"
"FIN","","PSYCHIATRIC","2011","3827.15"
"FIN","","PSYCHIATRIC","2012","3724.71"
"FIN","","PSYCHIATRIC","2013","3455.85"
"FRA","","PSYCHIATRIC","1997","71240"
"FRA","","PSYCHIATRIC","1998","68662"
"FRA","","PSYCHIATRIC","1999","67001"
"FRA","","PSYCHIATRIC","2000","62818"
"FRA","","PSYCHIATRIC","2001","61927"
"FRA","","PSYCHIATRIC","2002","60584"
"FRA","","PSYCHIATRIC","2003","59590"
"FRA","","PSYCHIATRIC","2004","59027"
"FRA","","PSYCHIATRIC","2005","58585"
"FRA","","PSYCHIATRIC","2006","58004"
"FRA","","PSYCHIATRIC","2007","57640"
"FRA","","PSYCHIATRIC","2008","57362"
"FRA","","PSYCHIATRIC","2009","57131"
"FRA","","PSYCHIATRIC","2010","57248"
"FRA","","PSYCHIATRIC","2011","56950"
"FRA","","PSYCHIATRIC","2012","57622"
"FRA","","PSYCHIATRIC","2013","58001"
"GEO","","PSYCHIATRIC","1996","1820"
"GEO","","PSYCHIATRIC","1997","1665"
"GEO","","PSYCHIATRIC","1998","1269"
"GEO","","PSYCHIATRIC","1999","1161"
"GEO","","PSYCHIATRIC","2000","1199"
"GEO","","PSYCHIATRIC","2001","1193"
"GEO","","PSYCHIATRIC","2002","1252"
"GEO","","PSYCHIATRIC","2003","1240"
"GEO","","PSYCHIATRIC","2004","1236"
"GEO","","PSYCHIATRIC","2005","1271"
"GEO","","PSYCHIATRIC","2006","1540"
"GEO","","PSYCHIATRIC","2007","1235"
"GEO","","PSYCHIATRIC","2008","1341"
"GEO","","PSYCHIATRIC","2009","1335"
"GEO","","PSYCHIATRIC","2010","1361"
"GEO","","PSYCHIATRIC","2011","1408"
"GRC","","PSYCHIATRIC","1993","11489"
"GRC","","PSYCHIATRIC","1994","10654"
"GRC","","PSYCHIATRIC","1995","11530"
"GRC","","PSYCHIATRIC","1996","11205"
"GRC","","PSYCHIATRIC","1997","11236"
"GRC","","PSYCHIATRIC","1998","11323"
"GRC","","PSYCHIATRIC","1999","10552"
"GRC","","PSYCHIATRIC","2000","10626"
"GRC","","PSYCHIATRIC","2001","10218"
"GRC","","PSYCHIATRIC","2002","10158"
"GRC","","PSYCHIATRIC","2003","9693"
"GRC","","PSYCHIATRIC","2004","9902"
"GRC","","PSYCHIATRIC","2005","9627"
"GRC","","PSYCHIATRIC","2006","9736"
"GRC","","PSYCHIATRIC","2007","9644"
"GRC","","PSYCHIATRIC","2008","9235"
"GRC","","PSYCHIATRIC","2009","8975"
"GRC","","PSYCHIATRIC","2010","8510"
"GRC","","PSYCHIATRIC","2011","8724"
"HUN","","PSYCHIATRIC","2000","10368"
"HUN","","PSYCHIATRIC","2001","10051"
"HUN","","PSYCHIATRIC","2002","10056"
"HUN","","PSYCHIATRIC","2003","9914"
"HUN","","PSYCHIATRIC","2004","9806"
"HUN","","PSYCHIATRIC","2005","9752"
"HUN","","PSYCHIATRIC","2006","9618"
"HUN","","PSYCHIATRIC","2007","9397"
"HUN","","PSYCHIATRIC","2008","8810"
"HUN","","PSYCHIATRIC","2009","8996"
"HUN","","PSYCHIATRIC","2010","8950"
"HUN","","PSYCHIATRIC","2011","8933"
"HUN","","PSYCHIATRIC","2012","8884"
"HUN","","PSYCHIATRIC","2013","8879"
"ISL","","PSYCHIATRIC","1972","414"
"ISL","","PSYCHIATRIC","1973","423"
"ISL","","PSYCHIATRIC","1974","418"
"ISL","","PSYCHIATRIC","1975","453"
"ISL","","PSYCHIATRIC","1976","444"
"ISL","","PSYCHIATRIC","1977","439"
"ISL","","PSYCHIATRIC","1978","437"
"ISL","","PSYCHIATRIC","1979","424"
"ISL","","PSYCHIATRIC","1980","454"
"ISL","","PSYCHIATRIC","1981","453"
"ISL","","PSYCHIATRIC","1982","457"
"ISL","","PSYCHIATRIC","1983","444"
"ISL","","PSYCHIATRIC","1984","431"
"ISL","","PSYCHIATRIC","1985","439"
"ISL","","PSYCHIATRIC","1986","439"
"ISL","","PSYCHIATRIC","1987","457"
"ISL","","PSYCHIATRIC","1988","453"
"ISL","","PSYCHIATRIC","1989","385"
"ISL","","PSYCHIATRIC","1990","383"
"ISL","","PSYCHIATRIC","1991","367"
"ISL","","PSYCHIATRIC","1992","375"
"ISL","","PSYCHIATRIC","1993","346"
"ISL","","PSYCHIATRIC","1994","346"
"ISL","","PSYCHIATRIC","1995","315"
"ISL","","PSYCHIATRIC","2007","185"
"ISL","","PSYCHIATRIC","2008","194"
"ISL","","PSYCHIATRIC","2009","190"
"ISL","","PSYCHIATRIC","2010","153"
"ISL","","PSYCHIATRIC","2011","152"
"ISL","","PSYCHIATRIC","2012","152"
"ISL","","PSYCHIATRIC","2013","150"
"ISL","","PSYCHIATRIC","2014","145"
"IRL","","PSYCHIATRIC","1978","14094"
"IRL","","PSYCHIATRIC","1979","13974"
"IRL","","PSYCHIATRIC","1980","13441"
"IRL","","PSYCHIATRIC","1981","13618"
"IRL","","PSYCHIATRIC","1982","13428"
"IRL","","PSYCHIATRIC","1983","12802"
"IRL","","PSYCHIATRIC","1984","12547"
"IRL","","PSYCHIATRIC","1985","12097"
"IRL","","PSYCHIATRIC","1986","11559"
"IRL","","PSYCHIATRIC","1987","11938"
"IRL","","PSYCHIATRIC","1988","10641"
"IRL","","PSYCHIATRIC","1989","9832"
"IRL","","PSYCHIATRIC","1990","9228"
"IRL","","PSYCHIATRIC","1991","8918"
"IRL","","PSYCHIATRIC","1992","8017"
"IRL","","PSYCHIATRIC","1993","7561"
"IRL","","PSYCHIATRIC","1994","7001"
"IRL","","PSYCHIATRIC","1995","6669"
"IRL","","PSYCHIATRIC","1996","6171"
"IRL","","PSYCHIATRIC","1997","5754"
"IRL","","PSYCHIATRIC","1998","5557"
"IRL","","PSYCHIATRIC","1999","5344"
"IRL","","PSYCHIATRIC","2000","5369"
"IRL","","PSYCHIATRIC","2001","4947"
"IRL","","PSYCHIATRIC","2002","4554"
"IRL","","PSYCHIATRIC","2003","4334"
"IRL","","PSYCHIATRIC","2004","4121"
"IRL","","PSYCHIATRIC","2005","3975"
"IRL","","PSYCHIATRIC","2006","3897"
"IRL","","PSYCHIATRIC","2007","3721"
"IRL","","PSYCHIATRIC","2008","3511"
"IRL","","PSYCHIATRIC","2009","3203"
"IRL","","PSYCHIATRIC","2010","2977"
"IRL","","PSYCHIATRIC","2011","2694"
"IRL","","PSYCHIATRIC","2012","2557"
"IRL","","PSYCHIATRIC","2013","2296"
"ISR","","PSYCHIATRIC","1988","7362"
"ISR","","PSYCHIATRIC","1989","7159"
"ISR","","PSYCHIATRIC","1990","7123"
"ISR","","PSYCHIATRIC","1991","7127"
"ISR","","PSYCHIATRIC","1992","7111"
"ISR","","PSYCHIATRIC","1993","7155"
"ISR","","PSYCHIATRIC","1994","7084"
"ISR","","PSYCHIATRIC","1995","6789"
"ISR","","PSYCHIATRIC","1996","6713"
"ISR","","PSYCHIATRIC","1997","6306"
"ISR","","PSYCHIATRIC","1998","6299"
"ISR","","PSYCHIATRIC","1999","6035"
"ISR","","PSYCHIATRIC","2000","5619"
"ISR","","PSYCHIATRIC","2001","5500"
"ISR","","PSYCHIATRIC","2002","5469"
"ISR","","PSYCHIATRIC","2003","5489"
"ISR","","PSYCHIATRIC","2004","5430"
"ISR","","PSYCHIATRIC","2005","5334"
"ISR","","PSYCHIATRIC","2006","3453"
"ISR","","PSYCHIATRIC","2007","3453"
"ISR","","PSYCHIATRIC","2008","3451"
"ISR","","PSYCHIATRIC","2009","3451"
"ISR","","PSYCHIATRIC","2010","3451"
"ISR","","PSYCHIATRIC","2011","3459"
"ISR","","PSYCHIATRIC","2012","3467"
"ISR","","PSYCHIATRIC","2013","3425"
"ITA","","PSYCHIATRIC","1975","106002"
"ITA","","PSYCHIATRIC","1976","102716"
"ITA","","PSYCHIATRIC","1977","98993"
"ITA","","PSYCHIATRIC","1978","92739"
"ITA","","PSYCHIATRIC","1979","85971"
"ITA","","PSYCHIATRIC","1980","82187"
"ITA","","PSYCHIATRIC","1981","75590"
"ITA","","PSYCHIATRIC","1982","72266"
"ITA","","PSYCHIATRIC","1983","68595"
"ITA","","PSYCHIATRIC","1984","63948"
"ITA","","PSYCHIATRIC","1985","63188"
"ITA","","PSYCHIATRIC","1986","58415"
"ITA","","PSYCHIATRIC","1987","55978"
"ITA","","PSYCHIATRIC","1988","52840"
"ITA","","PSYCHIATRIC","1989","47480"
"ITA","","PSYCHIATRIC","1990","47786"
"ITA","","PSYCHIATRIC","1991","42431"
"ITA","","PSYCHIATRIC","1992","41168"
"ITA","","PSYCHIATRIC","1993","39668"
"ITA","","PSYCHIATRIC","1994","39115"
"ITA","","PSYCHIATRIC","1995","27584"
"ITA","","PSYCHIATRIC","1996","31198"
"ITA","","PSYCHIATRIC","1997","22568"
"ITA","","PSYCHIATRIC","1998","18825"
"ITA","","PSYCHIATRIC","1999","9217"
"ITA","","PSYCHIATRIC","2000","8441"
"ITA","","PSYCHIATRIC","2001","8210"
"ITA","","PSYCHIATRIC","2002","8233"
"ITA","","PSYCHIATRIC","2003","7800"
"ITA","","PSYCHIATRIC","2004","7604"
"ITA","","PSYCHIATRIC","2005","7761"
"ITA","","PSYCHIATRIC","2006","7675"
"ITA","","PSYCHIATRIC","2007","6861"
"ITA","","PSYCHIATRIC","2008","6585"
"ITA","","PSYCHIATRIC","2009","6382"
"ITA","","PSYCHIATRIC","2010","6089"
"ITA","","PSYCHIATRIC","2011","6086"
"ITA","","PSYCHIATRIC","2012","5682"
"KAZ","","PSYCHIATRIC","1980","11700"
"KAZ","","PSYCHIATRIC","1981","11790"
"KAZ","","PSYCHIATRIC","1982","12050"
"KAZ","","PSYCHIATRIC","1983","12255"
"KAZ","","PSYCHIATRIC","1984","12405"
"KAZ","","PSYCHIATRIC","1985","12335"
"KAZ","","PSYCHIATRIC","1986","12355"
"KAZ","","PSYCHIATRIC","1987","12495"
"KAZ","","PSYCHIATRIC","1988","12590"
"KAZ","","PSYCHIATRIC","1989","13915"
"KAZ","","PSYCHIATRIC","1990","14020"
"KAZ","","PSYCHIATRIC","1991","14795"
"KAZ","","PSYCHIATRIC","1992","14575"
"KAZ","","PSYCHIATRIC","1993","14083"
"KAZ","","PSYCHIATRIC","1994","13555"
"KAZ","","PSYCHIATRIC","1995","12995"
"KAZ","","PSYCHIATRIC","1996","12107"
"KAZ","","PSYCHIATRIC","1997","10845"
"KAZ","","PSYCHIATRIC","1998","10317"
"KAZ","","PSYCHIATRIC","1999","9794"
"KAZ","","PSYCHIATRIC","2000","9821"
"KAZ","","PSYCHIATRIC","2001","9707"
"KAZ","","PSYCHIATRIC","2002","9717"
"KAZ","","PSYCHIATRIC","2003","9792"
"KAZ","","PSYCHIATRIC","2004","9692"
"KAZ","","PSYCHIATRIC","2005","9717"
"KAZ","","PSYCHIATRIC","2006","9722"
"KAZ","","PSYCHIATRIC","2007","9724"
"KAZ","","PSYCHIATRIC","2008","9634"
"KAZ","","PSYCHIATRIC","2009","9609"
"KAZ","","PSYCHIATRIC","2010","9432"
"KAZ","","PSYCHIATRIC","2011","9287"
"KAZ","","PSYCHIATRIC","2012","9212"
"KAZ","","PSYCHIATRIC","2013","9102"
"KGZ","","PSYCHIATRIC","1980","3420"
"KGZ","","PSYCHIATRIC","1981","3480"
"KGZ","","PSYCHIATRIC","1982","3515"
"KGZ","","PSYCHIATRIC","1983","3515"
"KGZ","","PSYCHIATRIC","1984","3515"
"KGZ","","PSYCHIATRIC","1985","3545"
"KGZ","","PSYCHIATRIC","1986","3625"
"KGZ","","PSYCHIATRIC","1987","3635"
"KGZ","","PSYCHIATRIC","1988","3635"
"KGZ","","PSYCHIATRIC","1989","3695"
"KGZ","","PSYCHIATRIC","1990","3725"
"KGZ","","PSYCHIATRIC","1991","3750"
"KGZ","","PSYCHIATRIC","1992","3850"
"KGZ","","PSYCHIATRIC","1993","3395"
"KGZ","","PSYCHIATRIC","1994","3200"
"KGZ","","PSYCHIATRIC","1995","2995"
"KGZ","","PSYCHIATRIC","1996","3000"
"KGZ","","PSYCHIATRIC","1997","2900"
"KGZ","","PSYCHIATRIC","1998","2760"
"KGZ","","PSYCHIATRIC","1999","2680"
"KGZ","","PSYCHIATRIC","2000","2761"
"KGZ","","PSYCHIATRIC","2001","2416"
"KGZ","","PSYCHIATRIC","2002","2328"
"KGZ","","PSYCHIATRIC","2003","2333"
"KGZ","","PSYCHIATRIC","2004","2216"
"KGZ","","PSYCHIATRIC","2005","2231"
"KGZ","","PSYCHIATRIC","2006","2244"
"KGZ","","PSYCHIATRIC","2007","2254"
"KGZ","","PSYCHIATRIC","2008","2233"
"KGZ","","PSYCHIATRIC","2009","1903"
"KGZ","","PSYCHIATRIC","2010","1745"
"KGZ","","PSYCHIATRIC","2011","1727"
"KGZ","","PSYCHIATRIC","2012","1722"
"KGZ","","PSYCHIATRIC","2013","1719"
"LTU","","PSYCHIATRIC","1980","5655"
"LTU","","PSYCHIATRIC","1981","5945"
"LTU","","PSYCHIATRIC","1982","6260"
"LTU","","PSYCHIATRIC","1983","6380"
"LTU","","PSYCHIATRIC","1984","6665"
"LTU","","PSYCHIATRIC","1985","6645"
"LTU","","PSYCHIATRIC","1986","6680"
"LTU","","PSYCHIATRIC","1987","6935"
"LTU","","PSYCHIATRIC","1988","7010"
"LTU","","PSYCHIATRIC","1989","7055"
"LTU","","PSYCHIATRIC","1990","6095"
"LTU","","PSYCHIATRIC","1991","5920"
"LTU","","PSYCHIATRIC","1992","5495"
"LTU","","PSYCHIATRIC","1993","5431"
"LTU","","PSYCHIATRIC","1994","4968"
"LTU","","PSYCHIATRIC","1995","4857"
"LTU","","PSYCHIATRIC","1996","4807"
"LTU","","PSYCHIATRIC","1997","4604"
"LTU","","PSYCHIATRIC","1998","4445"
"LTU","","PSYCHIATRIC","1999","4477"
"LTU","","PSYCHIATRIC","2000","4470"
"LTU","","PSYCHIATRIC","2001","4262"
"LTU","","PSYCHIATRIC","2002","3816"
"LTU","","PSYCHIATRIC","2003","3722"
"LTU","","PSYCHIATRIC","2004","3669"
"LTU","","PSYCHIATRIC","2005","3530"
"LTU","","PSYCHIATRIC","2006","3474"
"LTU","","PSYCHIATRIC","2007","3453"
"LTU","","PSYCHIATRIC","2008","3453"
"LTU","","PSYCHIATRIC","2009","3409"
"LTU","","PSYCHIATRIC","2010","3303"
"LTU","","PSYCHIATRIC","2011","3368"
"LTU","","PSYCHIATRIC","2012","3294"
"LTU","","PSYCHIATRIC","2013","3236"
"LUX","","PSYCHIATRIC","2004","501"
"LUX","","PSYCHIATRIC","2005","452"
"LUX","","PSYCHIATRIC","2006","432"
"LUX","","PSYCHIATRIC","2007","432"
"LUX","","PSYCHIATRIC","2008","432"
"LUX","","PSYCHIATRIC","2009","446"
"LUX","","PSYCHIATRIC","2010","446"
"LUX","","PSYCHIATRIC","2011","454"
"LUX","","PSYCHIATRIC","2012","458"
"LUX","","PSYCHIATRIC","2013","466"
"LUX","","PSYCHIATRIC","2014","466"
"LVA","","PSYCHIATRIC","1980","5165"
"LVA","","PSYCHIATRIC","1985","5305"
"LVA","","PSYCHIATRIC","1986","5470"
"LVA","","PSYCHIATRIC","1987","5470"
"LVA","","PSYCHIATRIC","1988","5480"
"LVA","","PSYCHIATRIC","1989","7055"
"LVA","","PSYCHIATRIC","1990","6934"
"LVA","","PSYCHIATRIC","1991","6359"
"LVA","","PSYCHIATRIC","1992","5894"
"LVA","","PSYCHIATRIC","1993","5805"
"LVA","","PSYCHIATRIC","1994","5568"
"LVA","","PSYCHIATRIC","1995","5436"
"LVA","","PSYCHIATRIC","1996","4859"
"LVA","","PSYCHIATRIC","1997","4767"
"LVA","","PSYCHIATRIC","1998","4771"
"LVA","","PSYCHIATRIC","1999","4408"
"LVA","","PSYCHIATRIC","2000","4407"
"LVA","","PSYCHIATRIC","2001","4013"
"LVA","","PSYCHIATRIC","2002","3701"
"LVA","","PSYCHIATRIC","2003","3631"
"LVA","","PSYCHIATRIC","2004","3632"
"LVA","","PSYCHIATRIC","2005","3567"
"LVA","","PSYCHIATRIC","2006","3531"
"LVA","","PSYCHIATRIC","2007","3510"
"LVA","","PSYCHIATRIC","2008","3506"
"LVA","","PSYCHIATRIC","2009","3028"
"LVA","","PSYCHIATRIC","2010","2675"
"LVA","","PSYCHIATRIC","2011","2657"
"LVA","","PSYCHIATRIC","2012","2615"
"LVA","","PSYCHIATRIC","2013","2524"
"MLT","","PSYCHIATRIC","1997","666"
"MLT","","PSYCHIATRIC","1998","666"
"MLT","","PSYCHIATRIC","1999","666"
"MLT","","PSYCHIATRIC","2000","666"
"MLT","","PSYCHIATRIC","2001","563"
"MLT","","PSYCHIATRIC","2002","551"
"MLT","","PSYCHIATRIC","2003","568"
"MLT","","PSYCHIATRIC","2004","646"
"MLT","","PSYCHIATRIC","2005","686"
"MLT","","PSYCHIATRIC","2006","686"
"MLT","","PSYCHIATRIC","2007","693"
"MLT","","PSYCHIATRIC","2008","694"
"MLT","","PSYCHIATRIC","2009","644"
"MLT","","PSYCHIATRIC","2010","602"
"MLT","","PSYCHIATRIC","2011","596"
"MLT","","PSYCHIATRIC","2012","592"
"MLT","","PSYCHIATRIC","2013","614"
"MLT","","PSYCHIATRIC","2014","570"
"MDA","","PSYCHIATRIC","1970","3100"
"MDA","","PSYCHIATRIC","1971","3200"
"MDA","","PSYCHIATRIC","1972","3300"
"MDA","","PSYCHIATRIC","1974","3750"
"MDA","","PSYCHIATRIC","1975","3750"
"MDA","","PSYCHIATRIC","1980","5145"
"MDA","","PSYCHIATRIC","1981","5280"
"MDA","","PSYCHIATRIC","1982","5300"
"MDA","","PSYCHIATRIC","1983","5560"
"MDA","","PSYCHIATRIC","1984","5675"
"MDA","","PSYCHIATRIC","1985","5775"
"MDA","","PSYCHIATRIC","1986","5985"
"MDA","","PSYCHIATRIC","1987","6245"
"MDA","","PSYCHIATRIC","1988","6225"
"MDA","","PSYCHIATRIC","1989","6220"
"MDA","","PSYCHIATRIC","1990","6380"
"MDA","","PSYCHIATRIC","1991","6250"
"MDA","","PSYCHIATRIC","1992","5625"
"MDA","","PSYCHIATRIC","1993","5315"
"MDA","","PSYCHIATRIC","1994","5255"
"MDA","","PSYCHIATRIC","1995","5255"
"MDA","","PSYCHIATRIC","1996","5215"
"MDA","","PSYCHIATRIC","1997","5035"
"MDA","","PSYCHIATRIC","1998","5169"
"MDA","","PSYCHIATRIC","1999","3579"
"MDA","","PSYCHIATRIC","2000","3181"
"MDA","","PSYCHIATRIC","2001","3141"
"MDA","","PSYCHIATRIC","2002","2996"
"MDA","","PSYCHIATRIC","2003","2988"
"MDA","","PSYCHIATRIC","2004","2803"
"MDA","","PSYCHIATRIC","2005","2688"
"MDA","","PSYCHIATRIC","2006","2631"
"MDA","","PSYCHIATRIC","2007","2560"
"MDA","","PSYCHIATRIC","2008","2560"
"MDA","","PSYCHIATRIC","2009","2560"
"MDA","","PSYCHIATRIC","2010","2560"
"MDA","","PSYCHIATRIC","2011","2560"
"MDA","","PSYCHIATRIC","2012","2560"
"MDA","","PSYCHIATRIC","2013","2150"
"MKD","","PSYCHIATRIC","1980","1520"
"MKD","","PSYCHIATRIC","1985","1575"
"MKD","","PSYCHIATRIC","1986","1595"
"MKD","","PSYCHIATRIC","1987","1630"
"MKD","","PSYCHIATRIC","1988","1635"
"MKD","","PSYCHIATRIC","1989","1635"
"MKD","","PSYCHIATRIC","1990","1624"
"MKD","","PSYCHIATRIC","1991","1624"
"MKD","","PSYCHIATRIC","1992","1558"
"MKD","","PSYCHIATRIC","1993","1534"
"MKD","","PSYCHIATRIC","1994","1511"
"MKD","","PSYCHIATRIC","1995","1525"
"MKD","","PSYCHIATRIC","1996","1490"
"MKD","","PSYCHIATRIC","1997","1410"
"MKD","","PSYCHIATRIC","1998","1469"
"MKD","","PSYCHIATRIC","1999","1469"
"MKD","","PSYCHIATRIC","2000","1434"
"MKD","","PSYCHIATRIC","2001","1386"
"MKD","","PSYCHIATRIC","2002","1366"
"MKD","","PSYCHIATRIC","2003","1358"
"MKD","","PSYCHIATRIC","2004","1298"
"MKD","","PSYCHIATRIC","2005","1235"
"MKD","","PSYCHIATRIC","2006","1193"
"MKD","","PSYCHIATRIC","2007","1168"
"MKD","","PSYCHIATRIC","2008","1168"
"MKD","","PSYCHIATRIC","2009","1163"
"MKD","","PSYCHIATRIC","2010","1137"
"MKD","","PSYCHIATRIC","2011","1148"
"MKD","","PSYCHIATRIC","2012","1161"
"MKD","","PSYCHIATRIC","2013","1128"
"MNE","","PSYCHIATRIC","1970","240"
"MNE","","PSYCHIATRIC","1971","240"
"MNE","","PSYCHIATRIC","1972","250"
"MNE","","PSYCHIATRIC","1973","285"
"MNE","","PSYCHIATRIC","1974","285"
"MNE","","PSYCHIATRIC","1975","395"
"MNE","","PSYCHIATRIC","1976","391"
"MNE","","PSYCHIATRIC","1977","359"
"MNE","","PSYCHIATRIC","1978","359"
"MNE","","PSYCHIATRIC","1979","350"
"MNE","","PSYCHIATRIC","1980","350"
"MNE","","PSYCHIATRIC","1981","350"
"MNE","","PSYCHIATRIC","1982","356"
"MNE","","PSYCHIATRIC","1983","363"
"MNE","","PSYCHIATRIC","1984","363"
"MNE","","PSYCHIATRIC","1985","363"
"MNE","","PSYCHIATRIC","1986","361"
"MNE","","PSYCHIATRIC","1987","360"
"MNE","","PSYCHIATRIC","1988","360"
"MNE","","PSYCHIATRIC","1989","360"
"MNE","","PSYCHIATRIC","1990","497"
"MNE","","PSYCHIATRIC","1991","480"
"MNE","","PSYCHIATRIC","1992","413"
"MNE","","PSYCHIATRIC","1993","413"
"MNE","","PSYCHIATRIC","1994","396"
"MNE","","PSYCHIATRIC","1995","393"
"MNE","","PSYCHIATRIC","1996","373"
"MNE","","PSYCHIATRIC","1997","373"
"MNE","","PSYCHIATRIC","1998","373"
"MNE","","PSYCHIATRIC","1999","373"
"MNE","","PSYCHIATRIC","2000","373"
"MNE","","PSYCHIATRIC","2001","373"
"MNE","","PSYCHIATRIC","2002","373"
"MNE","","PSYCHIATRIC","2003","373"
"MNE","","PSYCHIATRIC","2004","373"
"MNE","","PSYCHIATRIC","2005","374"
"MNE","","PSYCHIATRIC","2006","327"
"MNE","","PSYCHIATRIC","2007","311"
"MNE","","PSYCHIATRIC","2008","311"
"MNE","","PSYCHIATRIC","2009","311"
"MNE","","PSYCHIATRIC","2010","311"
"MNE","","PSYCHIATRIC","2011","311"
"MNE","","PSYCHIATRIC","2012","311"
"MCO","","PSYCHIATRIC","1995","59"
"MCO","","PSYCHIATRIC","2006","57"
"MCO","","PSYCHIATRIC","2007","57"
"MCO","","PSYCHIATRIC","2008","57"
"MCO","","PSYCHIATRIC","2009","57"
"MCO","","PSYCHIATRIC","2010","57"
"MCO","","PSYCHIATRIC","2011","57"
"MCO","","PSYCHIATRIC","2012","57"
"NLD","","PSYCHIATRIC","1990","26553"
"NLD","","PSYCHIATRIC","1991","26607"
"NLD","","PSYCHIATRIC","1992","26542"
"NLD","","PSYCHIATRIC","1993","26707"
"NLD","","PSYCHIATRIC","1994","26678"
"NLD","","PSYCHIATRIC","1995","26417"
"NLD","","PSYCHIATRIC","1996","26675"
"NLD","","PSYCHIATRIC","1997","26657"
"NLD","","PSYCHIATRIC","1998","26103"
"NLD","","PSYCHIATRIC","1999","26152"
"NLD","","PSYCHIATRIC","2000","24793"
"NLD","","PSYCHIATRIC","2001","24701"
"NLD","","PSYCHIATRIC","2002","22665"
"NLD","","PSYCHIATRIC","2003","22514"
"NLD","","PSYCHIATRIC","2004","22210"
"NLD","","PSYCHIATRIC","2005","22957"
"NLD","","PSYCHIATRIC","2006","22350"
"NLD","","PSYCHIATRIC","2007","22070"
"NLD","","PSYCHIATRIC","2008","22590"
"NLD","","PSYCHIATRIC","2009","23020"
"","NORDIC","PSYCHIATRIC","1980","58859"
"","NORDIC","PSYCHIATRIC","1981","56301"
"","NORDIC","PSYCHIATRIC","1982","54040"
"","NORDIC","PSYCHIATRIC","1983","53144"
"","NORDIC","PSYCHIATRIC","1984","51287"
"","NORDIC","PSYCHIATRIC","1985","47095"
"","NORDIC","PSYCHIATRIC","1986","44495"
"","NORDIC","PSYCHIATRIC","1987","39813"
"","NORDIC","PSYCHIATRIC","1988","37887"
"","NORDIC","PSYCHIATRIC","1989","34968"
"","NORDIC","PSYCHIATRIC","1990","32473"
"","NORDIC","PSYCHIATRIC","1991","29878"
"","NORDIC","PSYCHIATRIC","1992","27684"
"","NORDIC","PSYCHIATRIC","1993","26079"
"","NORDIC","PSYCHIATRIC","1994","24463"
"","NORDIC","PSYCHIATRIC","1995","22534"
"","NORDIC","PSYCHIATRIC","1996","21049"
"","NORDIC","PSYCHIATRIC","1997","19661"
"","NORDIC","PSYCHIATRIC","1998","19134"
"","NORDIC","PSYCHIATRIC","1999","18886"
"","NORDIC","PSYCHIATRIC","2000","18309"
"","NORDIC","PSYCHIATRIC","2001","18019"
"","NORDIC","PSYCHIATRIC","2002","20060"
"","NORDIC","PSYCHIATRIC","2003","19424"
"","NORDIC","PSYCHIATRIC","2004","20415"
"","NORDIC","PSYCHIATRIC","2005","20159"
"","NORDIC","PSYCHIATRIC","2006","20077"
"","NORDIC","PSYCHIATRIC","2007","19639"
"","NORDIC","PSYCHIATRIC","2008","19030"
"","NORDIC","PSYCHIATRIC","2009","18760"
"","NORDIC","PSYCHIATRIC","2010","18338"
"","NORDIC","PSYCHIATRIC","2011","17802"
"","NORDIC","PSYCHIATRIC","2012","17329"
"","NORDIC","PSYCHIATRIC","2013","16901"
"NOR","","PSYCHIATRIC","1980","7833"
"NOR","","PSYCHIATRIC","1985","5261"
"NOR","","PSYCHIATRIC","1986","5087"
"NOR","","PSYCHIATRIC","1987","5145"
"NOR","","PSYCHIATRIC","1988","4988"
"NOR","","PSYCHIATRIC","1989","4420"
"NOR","","PSYCHIATRIC","1990","3762"
"NOR","","PSYCHIATRIC","1991","3467"
"NOR","","PSYCHIATRIC","1992","3310"
"NOR","","PSYCHIATRIC","1993","3338"
"NOR","","PSYCHIATRIC","1994","3175"
"NOR","","PSYCHIATRIC","1995","3112"
"NOR","","PSYCHIATRIC","1996","3013"
"NOR","","PSYCHIATRIC","1997","3037"
"NOR","","PSYCHIATRIC","1998","3190"
"NOR","","PSYCHIATRIC","1999","3151"
"NOR","","PSYCHIATRIC","2000","3108"
"NOR","","PSYCHIATRIC","2001","3282"
"NOR","","PSYCHIATRIC","2002","5751"
"NOR","","PSYCHIATRIC","2003","5633"
"NOR","","PSYCHIATRIC","2004","6990"
"NOR","","PSYCHIATRIC","2005","7168"
"NOR","","PSYCHIATRIC","2006","7124"
"NOR","","PSYCHIATRIC","2007","6961"
"NOR","","PSYCHIATRIC","2008","6676"
"NOR","","PSYCHIATRIC","2009","6635"
"NOR","","PSYCHIATRIC","2010","6528"
"NOR","","PSYCHIATRIC","2011","6420"
"NOR","","PSYCHIATRIC","2012","6075"
"NOR","","PSYCHIATRIC","2013","5881"
"POL","","PSYCHIATRIC","2003","27299"
"POL","","PSYCHIATRIC","2004","26191"
"POL","","PSYCHIATRIC","2005","25721"
"POL","","PSYCHIATRIC","2006","25930"
"POL","","PSYCHIATRIC","2007","25380"
"POL","","PSYCHIATRIC","2008","24713"
"POL","","PSYCHIATRIC","2009","24460"
"POL","","PSYCHIATRIC","2010","24097"
"POL","","PSYCHIATRIC","2011","24278"
"POL","","PSYCHIATRIC","2012","24061"
"POL","","PSYCHIATRIC","2013","24097"
"PRT","","PSYCHIATRIC","1985","8478"
"PRT","","PSYCHIATRIC","1986","8987"
"PRT","","PSYCHIATRIC","1987","9121"
"PRT","","PSYCHIATRIC","1988","8845"
"PRT","","PSYCHIATRIC","1989","8804"
"PRT","","PSYCHIATRIC","1990","8799"
"PRT","","PSYCHIATRIC","1991","8558"
"PRT","","PSYCHIATRIC","1992","7263"
"PRT","","PSYCHIATRIC","1993","7180"
"PRT","","PSYCHIATRIC","1994","7154"
"PRT","","PSYCHIATRIC","1995","7191"
"PRT","","PSYCHIATRIC","1996","7320"
"PRT","","PSYCHIATRIC","1997","7117"
"PRT","","PSYCHIATRIC","1998","6958"
"PRT","","PSYCHIATRIC","1999","7054"
"PRT","","PSYCHIATRIC","2000","6953"
"PRT","","PSYCHIATRIC","2001","6951"
"PRT","","PSYCHIATRIC","2002","6596"
"PRT","","PSYCHIATRIC","2003","6831"
"PRT","","PSYCHIATRIC","2004","6861"
"PRT","","PSYCHIATRIC","2005","6757"
"PRT","","PSYCHIATRIC","2006","6622"
"PRT","","PSYCHIATRIC","2007","6562"
"PRT","","PSYCHIATRIC","2008","6325"
"PRT","","PSYCHIATRIC","2009","6225"
"PRT","","PSYCHIATRIC","2010","6122"
"PRT","","PSYCHIATRIC","2011","5977"
"PRT","","PSYCHIATRIC","2012","5537"
"PRT","","PSYCHIATRIC","2013","5746"
"ROU","","PSYCHIATRIC","1980","22304"
"ROU","","PSYCHIATRIC","1985","22412"
"ROU","","PSYCHIATRIC","1986","22418"
"ROU","","PSYCHIATRIC","1987","22194"
"ROU","","PSYCHIATRIC","1988","22144"
"ROU","","PSYCHIATRIC","1989","22083"
"ROU","","PSYCHIATRIC","1990","22131"
"ROU","","PSYCHIATRIC","1991","21961"
"ROU","","PSYCHIATRIC","1992","20538"
"ROU","","PSYCHIATRIC","1993","20418"
"ROU","","PSYCHIATRIC","1994","20200"
"ROU","","PSYCHIATRIC","1995","20068"
"ROU","","PSYCHIATRIC","1996","20044"
"ROU","","PSYCHIATRIC","1997","20120"
"ROU","","PSYCHIATRIC","1998","19920"
"ROU","","PSYCHIATRIC","1999","19973"
"ROU","","PSYCHIATRIC","2000","18299"
"ROU","","PSYCHIATRIC","2001","18322"
"ROU","","PSYCHIATRIC","2002","18094"
"ROU","","PSYCHIATRIC","2003","16567"
"ROU","","PSYCHIATRIC","2004","16467"
"ROU","","PSYCHIATRIC","2005","16317"
"ROU","","PSYCHIATRIC","2006","16694"
"ROU","","PSYCHIATRIC","2007","16574"
"ROU","","PSYCHIATRIC","2008","16572"
"ROU","","PSYCHIATRIC","2009","16833"
"ROU","","PSYCHIATRIC","2010","16533"
"ROU","","PSYCHIATRIC","2011","16373"
"ROU","","PSYCHIATRIC","2012","16461"
"ROU","","PSYCHIATRIC","2013","16540"
"RUS","","PSYCHIATRIC","1986","192675"
"RUS","","PSYCHIATRIC","1992","192043"
"RUS","","PSYCHIATRIC","1993","190060"
"RUS","","PSYCHIATRIC","1994","187493"
"RUS","","PSYCHIATRIC","1995","186347"
"RUS","","PSYCHIATRIC","1996","182906"
"RUS","","PSYCHIATRIC","1997","180087"
"RUS","","PSYCHIATRIC","1998","178145"
"RUS","","PSYCHIATRIC","1999","173474"
"RUS","","PSYCHIATRIC","2000","172394"
"RUS","","PSYCHIATRIC","2001","168693"
"RUS","","PSYCHIATRIC","2002","166194"
"RUS","","PSYCHIATRIC","2003","164752"
"RUS","","PSYCHIATRIC","2004","163384"
"RUS","","PSYCHIATRIC","2005","161748"
"RUS","","PSYCHIATRIC","2006","159996"
"RUS","","PSYCHIATRIC","2007","156657"
"RUS","","PSYCHIATRIC","2008","155834"
"RUS","","PSYCHIATRIC","2009","153687"
"RUS","","PSYCHIATRIC","2010","151428"
"RUS","","PSYCHIATRIC","2011","149738"
"RUS","","PSYCHIATRIC","2012","146427"
"RUS","","PSYCHIATRIC","2013","143612"
"","SEEHN","PSYCHIATRIC","2006","37864"
"","SEEHN","PSYCHIATRIC","2007","37524"
"","SEEHN","PSYCHIATRIC","2008","37368"
"","SEEHN","PSYCHIATRIC","2009","37780"
"","SEEHN","PSYCHIATRIC","2010","37337"
"","SEEHN","PSYCHIATRIC","2011","36896"
"","SEEHN","PSYCHIATRIC","2012","36986"
"ESP","","PSYCHIATRIC","1985","35342"
"ESP","","PSYCHIATRIC","1986","33059"
"ESP","","PSYCHIATRIC","1987","31321"
"ESP","","PSYCHIATRIC","1988","30100"
"ESP","","PSYCHIATRIC","1989","29634"
"ESP","","PSYCHIATRIC","1990","27532"
"ESP","","PSYCHIATRIC","1991","26400"
"ESP","","PSYCHIATRIC","1992","25050"
"ESP","","PSYCHIATRIC","1993","24390"
"ESP","","PSYCHIATRIC","1994","24165"
"ESP","","PSYCHIATRIC","1995","23639"
"ESP","","PSYCHIATRIC","1996","23071"
"ESP","","PSYCHIATRIC","1997","22278"
"ESP","","PSYCHIATRIC","1998","21100"
"ESP","","PSYCHIATRIC","1999","21315"
"ESP","","PSYCHIATRIC","2000","20891"
"ESP","","PSYCHIATRIC","2001","20652"
"ESP","","PSYCHIATRIC","2002","20797"
"ESP","","PSYCHIATRIC","2003","20401"
"ESP","","PSYCHIATRIC","2004","20318"
"ESP","","PSYCHIATRIC","2005","19865"
"ESP","","PSYCHIATRIC","2006","20228"
"ESP","","PSYCHIATRIC","2007","18564"
"ESP","","PSYCHIATRIC","2008","18726"
"ESP","","PSYCHIATRIC","2009","18796"
"ESP","","PSYCHIATRIC","2010","18455"
"ESP","","PSYCHIATRIC","2011","17376"
"ESP","","PSYCHIATRIC","2012","16783"
"ESP","","PSYCHIATRIC","2013","16931"
"SRB","","PSYCHIATRIC","2006","6204"
"SRB","","PSYCHIATRIC","2007","6062"
"SRB","","PSYCHIATRIC","2008","5926"
"SRB","","PSYCHIATRIC","2009","6011"
"SRB","","PSYCHIATRIC","2010","6233"
"SRB","","PSYCHIATRIC","2011","6257"
"SRB","","PSYCHIATRIC","2012","6084"
"SVK","","PSYCHIATRIC","1996","4864"
"SVK","","PSYCHIATRIC","1997","5005"
"SVK","","PSYCHIATRIC","1998","4995"
"SVK","","PSYCHIATRIC","1999","4995"
"SVK","","PSYCHIATRIC","2000","5031"
"SVK","","PSYCHIATRIC","2001","5003"
"SVK","","PSYCHIATRIC","2002","5060"
"SVK","","PSYCHIATRIC","2003","4831"
"SVK","","PSYCHIATRIC","2004","4669"
"SVK","","PSYCHIATRIC","2005","4502"
"SVK","","PSYCHIATRIC","2006","4514"
"SVK","","PSYCHIATRIC","2007","4450"
"SVK","","PSYCHIATRIC","2008","4379"
"SVK","","PSYCHIATRIC","2009","4336"
"SVK","","PSYCHIATRIC","2010","4316"
"SVK","","PSYCHIATRIC","2011","4148"
"SVK","","PSYCHIATRIC","2012","4199"
"SVK","","PSYCHIATRIC","2013","4417"
"SVN","","PSYCHIATRIC","1980","1817"
"SVN","","PSYCHIATRIC","1985","1614"
"SVN","","PSYCHIATRIC","1986","1614"
"SVN","","PSYCHIATRIC","1987","1614"
"SVN","","PSYCHIATRIC","1988","1614"
"SVN","","PSYCHIATRIC","1989","1614"
"SVN","","PSYCHIATRIC","1990","1614"
"SVN","","PSYCHIATRIC","1991","1614"
"SVN","","PSYCHIATRIC","1992","1614"
"SVN","","PSYCHIATRIC","1993","1594"
"SVN","","PSYCHIATRIC","1994","1594"
"SVN","","PSYCHIATRIC","1995","1594"
"SVN","","PSYCHIATRIC","1996","1599"
"SVN","","PSYCHIATRIC","1997","1583"
"SVN","","PSYCHIATRIC","1998","1583"
"SVN","","PSYCHIATRIC","1999","1537"
"SVN","","PSYCHIATRIC","2000","1525"
"SVN","","PSYCHIATRIC","2001","1496"
"SVN","","PSYCHIATRIC","2002","1477"
"SVN","","PSYCHIATRIC","2003","1471"
"SVN","","PSYCHIATRIC","2004","1471"
"SVN","","PSYCHIATRIC","2005","1472"
"SVN","","PSYCHIATRIC","2006","1430"
"SVN","","PSYCHIATRIC","2007","1369"
"SVN","","PSYCHIATRIC","2008","1397"
"SVN","","PSYCHIATRIC","2009","1339"
"SVN","","PSYCHIATRIC","2010","1333"
"SVN","","PSYCHIATRIC","2011","1344"
"SVN","","PSYCHIATRIC","2012","1370"
"SVN","","PSYCHIATRIC","2013","1365"
"SWE","","PSYCHIATRIC","1973","33961"
"SWE","","PSYCHIATRIC","1974","33132"
"SWE","","PSYCHIATRIC","1975","32271"
"SWE","","PSYCHIATRIC","1976","31348"
"SWE","","PSYCHIATRIC","1977","30627"
"SWE","","PSYCHIATRIC","1978","29807"
"SWE","","PSYCHIATRIC","1979","28024"
"SWE","","PSYCHIATRIC","1980","26962"
"SWE","","PSYCHIATRIC","1981","25843"
"SWE","","PSYCHIATRIC","1982","24850"
"SWE","","PSYCHIATRIC","1983","24358"
"SWE","","PSYCHIATRIC","1984","23853"
"SWE","","PSYCHIATRIC","1985","20906"
"SWE","","PSYCHIATRIC","1986","19189"
"SWE","","PSYCHIATRIC","1987","17818"
"SWE","","PSYCHIATRIC","1988","16844"
"SWE","","PSYCHIATRIC","1989","15535"
"SWE","","PSYCHIATRIC","1990","14533"
"SWE","","PSYCHIATRIC","1991","12960"
"SWE","","PSYCHIATRIC","1992","11846"
"SWE","","PSYCHIATRIC","1993","10865"
"SWE","","PSYCHIATRIC","1994","9797"
"SWE","","PSYCHIATRIC","1995","8372"
"SWE","","PSYCHIATRIC","1996","7276"
"SWE","","PSYCHIATRIC","1997","6267"
"SWE","","PSYCHIATRIC","1998","5872"
"SWE","","PSYCHIATRIC","1999","5786"
"SWE","","PSYCHIATRIC","2000","5565"
"SWE","","PSYCHIATRIC","2001","5218"
"SWE","","PSYCHIATRIC","2002","4850"
"SWE","","PSYCHIATRIC","2003","4606"
"SWE","","PSYCHIATRIC","2004","4507"
"SWE","","PSYCHIATRIC","2005","4347"
"SWE","","PSYCHIATRIC","2006","4477"
"SWE","","PSYCHIATRIC","2007","4467"
"SWE","","PSYCHIATRIC","2008","4429"
"SWE","","PSYCHIATRIC","2009","4449"
"SWE","","PSYCHIATRIC","2010","4457"
"SWE","","PSYCHIATRIC","2011","4436"
"SWE","","PSYCHIATRIC","2012","4384"
"SWE","","PSYCHIATRIC","2013","4394"
"CHE","","PSYCHIATRIC","1998","8501"
"CHE","","PSYCHIATRIC","1999","8581"
"CHE","","PSYCHIATRIC","2000","8588"
"CHE","","PSYCHIATRIC","2001","8152"
"CHE","","PSYCHIATRIC","2002","8029"
"CHE","","PSYCHIATRIC","2003","7881"
"CHE","","PSYCHIATRIC","2004","7870"
"CHE","","PSYCHIATRIC","2005","7867"
"CHE","","PSYCHIATRIC","2006","7558"
"CHE","","PSYCHIATRIC","2007","7694"
"CHE","","PSYCHIATRIC","2008","7675"
"CHE","","PSYCHIATRIC","2009","7612"
"CHE","","PSYCHIATRIC","2010","7555"
"CHE","","PSYCHIATRIC","2011","7316"
"CHE","","PSYCHIATRIC","2012","7395"
"CHE","","PSYCHIATRIC","2013","7374"
"TJK","","PSYCHIATRIC","1980","2940"
"TJK","","PSYCHIATRIC","1985","3250"
"TJK","","PSYCHIATRIC","1986","3475"
"TJK","","PSYCHIATRIC","1987","3495"
"TJK","","PSYCHIATRIC","1988","3530"
"TJK","","PSYCHIATRIC","1989","3579"
"TJK","","PSYCHIATRIC","1990","3704"
"TJK","","PSYCHIATRIC","1991","3714"
"TJK","","PSYCHIATRIC","1992","3849"
"TJK","","PSYCHIATRIC","1993","3414"
"TJK","","PSYCHIATRIC","1994","2654"
"TJK","","PSYCHIATRIC","1995","2004"
"TJK","","PSYCHIATRIC","1996","1710"
"TJK","","PSYCHIATRIC","1997","1750"
"TJK","","PSYCHIATRIC","1998","1695"
"TJK","","PSYCHIATRIC","1999","1695"
"TJK","","PSYCHIATRIC","2000","1610"
"TJK","","PSYCHIATRIC","2001","1690"
"TJK","","PSYCHIATRIC","2002","1655"
"TJK","","PSYCHIATRIC","2003","1527"
"TJK","","PSYCHIATRIC","2004","1570"
"TJK","","PSYCHIATRIC","2005","1630"
"TJK","","PSYCHIATRIC","2006","1630"
"TJK","","PSYCHIATRIC","2007","1565"
"TJK","","PSYCHIATRIC","2008","1620"
"TJK","","PSYCHIATRIC","2009","1515"
"TJK","","PSYCHIATRIC","2010","1485"
"TJK","","PSYCHIATRIC","2011","1420"
"TJK","","PSYCHIATRIC","2012","1465"
"TJK","","PSYCHIATRIC","2013","1485"
"TKM","","PSYCHIATRIC","1980","2940"
"TKM","","PSYCHIATRIC","1985","3250"
"TKM","","PSYCHIATRIC","1986","3475"
"TKM","","PSYCHIATRIC","1987","3495"
"TKM","","PSYCHIATRIC","1988","3530"
"TKM","","PSYCHIATRIC","1989","3579"
"TKM","","PSYCHIATRIC","1990","3704"
"TKM","","PSYCHIATRIC","1991","3714"
"TKM","","PSYCHIATRIC","1992","3849"
"TKM","","PSYCHIATRIC","1993","3414"
"TKM","","PSYCHIATRIC","1994","2654"
"TKM","","PSYCHIATRIC","1995","2004"
"TKM","","PSYCHIATRIC","1996","1710"
"TKM","","PSYCHIATRIC","1997","1750"
"TKM","","PSYCHIATRIC","1998","1695"
"TKM","","PSYCHIATRIC","1999","1695"
"TKM","","PSYCHIATRIC","2000","1610"
"TKM","","PSYCHIATRIC","2001","1690"
"TKM","","PSYCHIATRIC","2002","1655"
"TKM","","PSYCHIATRIC","2003","1527"
"TKM","","PSYCHIATRIC","2004","1570"
"TKM","","PSYCHIATRIC","2005","1630"
"TKM","","PSYCHIATRIC","2006","1630"
"TKM","","PSYCHIATRIC","2007","1565"
"TKM","","PSYCHIATRIC","2008","1620"
"TKM","","PSYCHIATRIC","2009","1515"
"TKM","","PSYCHIATRIC","2010","1485"
"TKM","","PSYCHIATRIC","2011","1420"
"TKM","","PSYCHIATRIC","2012","1465"
"TKM","","PSYCHIATRIC","2013","1485"
"TUR","","PSYCHIATRIC","2000","3627"
"TUR","","PSYCHIATRIC","2001","4332"
"TUR","","PSYCHIATRIC","2002","4356"
"TUR","","PSYCHIATRIC","2003","4149"
"TUR","","PSYCHIATRIC","2004","3913"
"TUR","","PSYCHIATRIC","2005","4042"
"TUR","","PSYCHIATRIC","2006","4443"
"TUR","","PSYCHIATRIC","2007","3507"
"TUR","","PSYCHIATRIC","2008","4359"
"TUR","","PSYCHIATRIC","2009","4742"
"TUR","","PSYCHIATRIC","2010","4692"
"TUR","","PSYCHIATRIC","2011","4542"
"TUR","","PSYCHIATRIC","2012","4393"
"TUR","","PSYCHIATRIC","2013","4392"
"UKR","","PSYCHIATRIC","1980","62386"
"UKR","","PSYCHIATRIC","1981","63836"
"UKR","","PSYCHIATRIC","1982","64656"
"UKR","","PSYCHIATRIC","1983","65591"
"UKR","","PSYCHIATRIC","1984","66788"
"UKR","","PSYCHIATRIC","1985","67553"
"UKR","","PSYCHIATRIC","1986","67328"
"UKR","","PSYCHIATRIC","1987","67743"
"UKR","","PSYCHIATRIC","1988","68263"
"UKR","","PSYCHIATRIC","1989","69993"
"UKR","","PSYCHIATRIC","1990","69760"
"UKR","","PSYCHIATRIC","1991","68390"
"UKR","","PSYCHIATRIC","1992","67260"
"UKR","","PSYCHIATRIC","1993","65373"
"UKR","","PSYCHIATRIC","1994","64151"
"UKR","","PSYCHIATRIC","1995","62040"
"UKR","","PSYCHIATRIC","1996","56343"
"UKR","","PSYCHIATRIC","1997","50846"
"UKR","","PSYCHIATRIC","1998","49469"
"UKR","","PSYCHIATRIC","1999","48758"
"UKR","","PSYCHIATRIC","2000","53361"
"UKR","","PSYCHIATRIC","2001","54556"
"UKR","","PSYCHIATRIC","2002","54048"
"UKR","","PSYCHIATRIC","2003","52956"
"UKR","","PSYCHIATRIC","2004","51347"
"UKR","","PSYCHIATRIC","2005","50135"
"UKR","","PSYCHIATRIC","2006","49826"
"UKR","","PSYCHIATRIC","2007","49654"
"UKR","","PSYCHIATRIC","2008","49077"
"UKR","","PSYCHIATRIC","2009","54151"
"UKR","","PSYCHIATRIC","2010","48416"
"UKR","","PSYCHIATRIC","2011","45761"
"UKR","","PSYCHIATRIC","2012","45315"
"UKR","","PSYCHIATRIC","2013","44499"
"GBR","","PSYCHIATRIC","2000","54914.4"
"GBR","","PSYCHIATRIC","2001","51861.9"
"GBR","","PSYCHIATRIC","2002","50252.7"
"GBR","","PSYCHIATRIC","2003","49409.1"
"GBR","","PSYCHIATRIC","2004","47032.5"
"GBR","","PSYCHIATRIC","2005","44536.9"
"GBR","","PSYCHIATRIC","2006","41850"
"GBR","","PSYCHIATRIC","2007","40117.8"
"GBR","","PSYCHIATRIC","2008","38967"
"GBR","","PSYCHIATRIC","2009","37456.2"
"GBR","","PSYCHIATRIC","2010","33913.3"
"GBR","","PSYCHIATRIC","2011","33052.6"
"GBR","","PSYCHIATRIC","2012","31633.5"
"GBR","","PSYCHIATRIC","2013","30673.8"
"UZB","","PSYCHIATRIC","1980","9740"
"UZB","","PSYCHIATRIC","1985","11205"
"UZB","","PSYCHIATRIC","1986","11165"
"UZB","","PSYCHIATRIC","1987","11400"
"UZB","","PSYCHIATRIC","1988","11760"
"UZB","","PSYCHIATRIC","1989","12395"
"UZB","","PSYCHIATRIC","1990","12310"
"UZB","","PSYCHIATRIC","1991","12285"
"UZB","","PSYCHIATRIC","1992","11208"
"UZB","","PSYCHIATRIC","1993","10660"
"UZB","","PSYCHIATRIC","1994","10299"
"UZB","","PSYCHIATRIC","1995","9930"
"UZB","","PSYCHIATRIC","1996","9045"
"UZB","","PSYCHIATRIC","1997","9002"
"UZB","","PSYCHIATRIC","1998","7735"
"UZB","","PSYCHIATRIC","1999","8030"
"UZB","","PSYCHIATRIC","2000","8091"
"UZB","","PSYCHIATRIC","2001","7802"
"UZB","","PSYCHIATRIC","2002","7859"
"UZB","","PSYCHIATRIC","2003","8137"
"UZB","","PSYCHIATRIC","2004","7894"
"UZB","","PSYCHIATRIC","2005","8069"
"UZB","","PSYCHIATRIC","2006","7824"
"UZB","","PSYCHIATRIC","2007","7762"
"UZB","","PSYCHIATRIC","2008","7827"
"UZB","","PSYCHIATRIC","2009","7761"
"UZB","","PSYCHIATRIC","2010","7711"
"UZB","","PSYCHIATRIC","2011","7911"
"UZB","","PSYCHIATRIC","2012","7641"
"UZB","","PSYCHIATRIC","2013","7596"

"Последнее обновление","2016.09.20 13:25:26 GMT"
"Описание","Психиатрические койки, Всего"
"Ссылка","https://dw.euro.who.int/api/v3/measures/HLTHRES_228?lang=Ru"

"Авторские права"
"© Европейское региональное бюро ВОЗ, 2020 г. Все права защищены.","http://www.euro.who.int/ru/home/copyright-notice"
